,accuracy,precision,recall,f1_score,false_alarm_rate,detection_delay
0,0.6320642474717431,0.2421602787456446,0.24390243902439024,0.24302823673398022,0.24390243902439024,
